{
  "project_info": {
    "project_number": "974601156128",
    "project_id": "pro401-14177-ee0c2",
    "storage_bucket": "pro401-14177-ee0c2.appspot.com"
  },
  "client": [
    {
      "client_info": {
        "mobilesdk_app_id": "1:974601156128:android:4eab39e3dffd117419ae45",
        "android_client_info": {
          "package_name": "com.example.as3_g7_temperatura"
        }
      },
      "oauth_client": [],
      "api_key": [
        {
          "current_key": "AIzaSyAEWZP8Cl1Vv1xPTuizqb1C3K3DpKpDEmw"
        }
      ],
      "services": {
        "appinvite_service": {
          "other_platform_oauth_client": []
        }
      }
    }
  ],
  "configuration_version": "1"
}